id,slug,name_es,name_en,category,subcategory,price,tags,in_stock,featured,unit,image
P001,multiusos-bebe,Limpiapisos Bebé,Baby Scent Multi-Surface,limpieza-hogar,multiusos,12,aroma;bebe;hogar,true,false,,images/products/limpia-pisos-bebe.jpg
P002,multiusos-manzana-canela,Limpiapisos Manzana Canela,Apple Cinnamon Multi-Surface,limpieza-hogar,multiusos,12,aroma;manzana;canela,true,false,,images/products/limpia-pisos-manzana-canela.jpg
P003,multiusos-carolina-herrera,Limpiapisos Carolina Herrera,Carolina Herrera Multi-Surface,limpieza-hogar,multiusos,12,aroma;perfumado,true,false,,images/products/limpia-pisos-carolina-hererra.jpg
P004,multiusos-manzana-verde,Limpiapisos Manzana Verde,Green Apple Multi-Surface,limpieza-hogar,multiusos,12,aroma;manzana,true,false,,images/products/limpia-pisos-manzana-verde.jpg
P005,multiusos-channel,Limpiapisos Channel,Channel Multi-Surface,limpieza-hogar,multiusos,12,aroma;perfumado,true,false,,images/products/limpia-pisos-channel.jpg
P006,multiusos-canela,Limpiapisos Canela,Cinnamon Multi-Surface,limpieza-hogar,multiusos,12,aroma;canela,true,false,,images/products/limpia-pisos-canela.jpg
P007,multiusos-naranja,Limpiapisos Naranja,Orange Multi-Surface,limpieza-hogar,multiusos,12,aroma;naranja;citrico,true,false,,images/products/limpia-pisos-naranja.jpg
P008,multiusos-lima-limon,Limpiapisos Lima-Limón,Lime-Lemon Multi-Surface,limpieza-hogar,multiusos,12,aroma;limon;citrico,true,false,,images/products/limpia-pisos-lima-limon.jpg
P009,multiusos-menta,Limpiapisos Menta,Mint Multi-Surface,limpieza-hogar,multiusos,12,aroma;menta,true,false,,images/products/limpia-pisos-menta.jpg
P010,multiusos-floral,Limpiapisos Floral,Floral Multi-Surface,limpieza-hogar,multiusos,12,aroma;floral,true,false,,images/products/limpia-pisos-floral.jpg
P011,multiusos-pino-menta,Limpiapisos Pino Menta,Pine Mint Multi-Surface,limpieza-hogar,multiusos,12,aroma;pino;menta,true,false,,images/products/limpia-pisos-pino-menta.jpg
P012,multiusos-pasion-frutal,Limpiapisos Pasión Frutal,Fruit Passion Multi-Surface,limpieza-hogar,multiusos,12,aroma;frutal,true,false,,images/products/limpia-pisos-pasion-frutal.jpg
P013,multiusos-pino-citrico,Limpiapisos Pino Cítrico,Citrus Pine Multi-Surface,limpieza-hogar,multiusos,13,aroma;pino;citrico,true,false,,images/products/limpia-pisos-pino-citrico.jpg
P014,multiusos-eternity,Limpiapisos Eternity,Eternity Multi-Surface,limpieza-hogar,multiusos,13,aroma;perfumado,true,false,,images/products/limpia-pisos-eternity.jpg
P015,multiusos-hugo-boss,Limpiapisos Hugo Boss,Hugo Boss Multi-Surface,limpieza-hogar,multiusos,13,aroma;perfumado,true,false,,images/products/limpia-pisos-hugo-boss.jpg
P016,multiusos-lavanda,Limpiapisos Lavanda,Lavender Multi-Surface,limpieza-hogar,multiusos,13,aroma;lavanda;floral,true,false,,images/products/limpia-pisos-lavanda.jpg
P017,multiusos-kiwi,Limpiapisos Kiwi,Kiwi Multi-Surface,limpieza-hogar,multiusos,13,aroma;kiwi;frutal,true,false,,images/products/limpia-pisos-kiwi.jpg
P018,multiusos-mar-fresco,Limpiapisos Tipo Mar Fresco,Fresh Sea Multi-Surface,limpieza-hogar,multiusos,14,aroma;mar;fresco,true,false,,images/products/limpia-pisos-tipo-mar-frresco.jpg
P019,microcapsulas-flor-algodon,Limpiador Microcápsulas Flor de Algodón,Cotton Flower Microcapsule Cleaner,limpieza-hogar,microcapsulas,14,microcapsulas;algodon;larga-duracion,true,false,,images/products/limpia-pisos-microcapsulas-flor-algodon.jpg
P020,microcapsulas-petalos-rosa,Limpiador Microcápsulas Pétalos de Rosa,Rose Petals Microcapsule Cleaner,limpieza-hogar,microcapsulas,14,microcapsulas;rosa;floral,true,false,,images/products/limpia-pisos-microcapsulas-petalos-de-rosa.jpg
P021,especial-limon-germicida,Limón con Germicida,Lemon with Germicide,limpieza-hogar,especiales,15,especial;limon;germicida,true,false,,images/products/limpia-pisos-limon-germicida.jpg
P022,especial-limpiapisos-fabumoscas,Limpiapisos Fabumoscas (Repelente de Moscas),Fabumoscas Floor Cleaner (Fly Repellent),limpieza-hogar,especiales,15,especial;repelente;moscas,true,false,,images/products/limpia-pisos-fabumoscas.jpg
P023,especial-repelente-moscos-60ml,Repelente de Moscos 60 ml,Mosquito Repellent 60 ml,limpieza-hogar,especiales,25,repelente;moscos;viaje,true,false,,images/products/limpia-pisos-repelente.jpg
P024,especial-repelente-moscos,Repelente de Moscos,Mosquito Repellent,limpieza-hogar,especiales,160,repelente;moscos;formato-grande,true,false,,images/products/repelente-de-moscos.jpg
P025,pastilla-cloro-1-pulg,Pastilla Cloro 1 pulg.,Chlorine Tablet 1 in.,limpieza-hogar,pastillas-cloro,145,cloro;pastilla;inodoro,true,false,,images/products/tableta-cloro-1-pulg.jpg
P026,tableta-cloro-3-pulg,Tableta Cloro 3 pulg.,Chlorine Tablet 3 in.,limpieza-hogar,pastillas-cloro,160,cloro;tableta;alberca,true,false,,images/products/tableta-cloro-3-pulg.jpg
P027,paquete-pastilla-cloro,Paquete Pastilla Cloro,Chlorine Tablet Pack,limpieza-hogar,pastillas-cloro,16,cloro;pastilla;paquete,true,false,,images/products/paq-pastilla-cloro-16.jpg
P028,cloro-en-polvo,Cloro en Polvo,Powdered Chlorine,limpieza-hogar,pastillas-cloro,119,cloro;polvo;concentrado,true,false,,images/products/cloro-en-polvo.jpg
P029,cloro-granulado,Cloro Granulado,Granulated Chlorine,limpieza-hogar,pastillas-cloro,160,cloro;granulado,true,false,,images/products/cloro-granulado.jpg
P030,desinfectante-bicarbonato-limon,Desinfectante Bicarbonato Limón,Baking Soda Lemon Disinfectant,limpieza-hogar,desinfectantes,13,desinfectante;bicarbonato;limon,true,false,,
P031,desinfectante-pino-liquido-verde,Pino Líquido Verde,Green Liquid Pine,limpieza-hogar,desinfectantes,13,desinfectante;pino;verde,true,false,,
P032,desinfectante-pino-liquido-transparente,Pino Líquido Transparente,Clear Liquid Pine,limpieza-hogar,desinfectantes,13,desinfectante;pino;transparente,true,false,,
P033,desinfectante-sarrigel,Sarrigel,Sarrigel Descaler,limpieza-hogar,desinfectantes,16,desinfectante;sarro;gel,true,false,,
P034,desinfectante-alcohol-etilico,Alcohol Etílico,Ethyl Alcohol,limpieza-hogar,desinfectantes,62.5,desinfectante;alcohol,true,false,,
P035,desinfectante-cloralex-10l,Cloralex 10 L,Cloralex 10 L,limpieza-hogar,desinfectantes,140,desinfectante;cloro;cloralex;granel,true,true,pieza,images/products/cloralex-140.jpg
P036,desinfectante-cloro-3,Cloro al 3%,3% Chlorine,limpieza-hogar,desinfectantes,7,desinfectante;cloro,true,false,,
P037,desinfectante-cloro-6,Cloro al 6%,6% Chlorine,limpieza-hogar,desinfectantes,9,desinfectante;cloro;concentrado,true,false,,
P038,desinfectante-hipoclorito-sodio,Hipoclorito de Sodio,Sodium Hypochlorite,limpieza-hogar,desinfectantes,17,desinfectante;cloro;industrial,true,false,,
P039,desinfectante-cloro-gel,Cloro en Gel,Chlorine Gel,limpieza-hogar,desinfectantes,19,desinfectante;cloro;gel,true,false,,
P040,desinfectante-cloro-mascotas,Cloro Mascotas,Pet-Safe Chlorine,limpieza-hogar,desinfectantes,19,desinfectante;mascotas,true,false,,
P041,desinfectante-pino-gel,Pino Gel,Pine Gel,limpieza-hogar,desinfectantes,28,desinfectante;pino;gel,true,false,,
P042,desinfectante-lysol,Lysol,Lysol,limpieza-hogar,desinfectantes,138,desinfectante;marca;lysol,true,false,,
P043,desengrasante-en-caliente,Desengrasante en Caliente,Hot Degreaser,limpieza-hogar,desengrasantes,16,desengrasante;cocina,true,false,,images/products/desengrasante-en-caliente.jpg
P044,desengrasante-cocina,Desengrasante Cocina,Kitchen Degreaser,limpieza-hogar,desengrasantes,22,desengrasante;cocina,true,false,,images/products/desengrasante-cocina.jpg
P045,det-desengrasante,Detergente Desengrasante,Degreasing Detergent,limpieza-hogar,desengrasantes,20,desengrasante;detergente,true,false,,images/products/detergente-desengrasante.jpg
P046,desengrasante-industrial,Desengrasante Industrial,Industrial Degreaser,limpieza-hogar,desengrasantes,50,desengrasante;industrial,true,false,,images/products/desengrasante-industrial.jpg
P047,desengrasante-motor,Desengrasante Motor,Engine Degreaser,limpieza-hogar,desengrasantes,30,desengrasante;motor;automotriz,true,false,,images/products/desengrasante-motor.jpg
P048,detergente-liquido-carisma,Detergente Líquido Carisma,Carisma Liquid Detergent,lavanderia,detergentes-liquidos,18,detergente;liquido;ropa,true,false,,images/products/detergente-liquido-carisma.jpg
P049,detergente-liquido-deterpino,Detergente Deterpino Verde o Café,Deterpino Green or Brown Detergent,lavanderia,detergentes-liquidos,18,detergente;liquido;pino,true,false,,images/products/detergente-deterpino-cafe.jpg
P050,detergente-liquido-roma,Detergente Líquido Roma,Roma Liquid Detergent,lavanderia,detergentes-liquidos,18,detergente;liquido;marca,true,false,,
P051,detergente-liquido-ariel,Detergente Líquido Ariel,Ariel Liquid Detergent,lavanderia,detergentes-liquidos,18,detergente;liquido;marca,true,false,,images/products/detergente-liquido-ariel.jpg
P052,detergente-liquido-zote-rosa,Detergente Líquido Zote Rosa,Zote Pink Liquid Detergent,lavanderia,detergentes-liquidos,18,detergente;liquido;zote;rosa,true,false,,images/products/detergente-liquido-zote.jpg
P053,detergente-liquido-ace,Detergente Ace Ropa Blanca y Color,Ace White & Color Detergent,lavanderia,detergentes-liquidos,18,detergente;liquido;marca,true,false,,images/products/detergente-ace-ropa-color.jpg
P054,detergente-liquido-punos-cuello,Detergente Puños y Cuello,Collar & Cuffs Detergent,lavanderia,detergentes-liquidos,18,detergente;liquido;prelavado,true,false,,images/products/detergente-punos-cuello.jpg
P055,detergente-liquido-persil-color,Detergente Tipo Persil Ropa de Color,Persil-Style Color Detergent,lavanderia,detergentes-liquidos,18,detergente;liquido;color,true,false,,images/products/detergente-liquido-tipo-persil.jpg
P056,detergente-liquido-vel-rosita,Detergente Vel Rosita,Vel Rosita Liquid Detergent,lavanderia,detergentes-liquidos,18,detergente;liquido;delicado,true,false,,images/products/datergente-vel-rosita.jpg
P057,detergente-liquido-cloro-ropa-color,Detergente Tipo Cloro P/Ropa Color,Color-Safe Chlorine Detergent,lavanderia,detergentes-liquidos,18,detergente;liquido;color,true,false,,images/products/detergente-tipp-cloro.jpg
P058,detergente-liquido-vinagre,Detergente con Vinagre,Vinegar Detergent,lavanderia,detergentes-liquidos,18,detergente;liquido;vinagre,true,false,,images/products/detergente-vinagre.jpg
P059,detergente-liquido-vanish-gel,Detergente Tipo Vanish Gel,Vanish-Style Gel Detergent,lavanderia,detergentes-liquidos,18,detergente;liquido;quitamanchas,true,false,,images/products/detergente-vanish-gel.jpg
P060,detergente-liquido-mas-color,Detergente Mas Color,Mas Color Detergent,lavanderia,detergentes-liquidos,18,detergente;liquido;color,true,false,,images/products/detergente-mas-color.jpg
P061,detergente-liquido-mas-color-negro,Detergente Mas Color Negro,Mas Color Black Detergent,lavanderia,detergentes-liquidos,18,detergente;liquido;negro,true,false,,images/products/detergente-mas-color-negro.jpg
P062,detergente-liquido-ariel-downy,Detergente Ariel con Downy,Ariel with Downy Detergent,lavanderia,detergentes-liquidos,18,detergente;liquido;marca;suavizante,true,false,,images/products/detergente-ariel-downy.jpg
P063,detergente-liquido-multiusos-cafe,Detergente Multiusos Café,Brown Multi-Use Detergent,lavanderia,detergentes-liquidos,18,detergente;liquido;multiusos,true,false,,images/products/detergente-multiusos-cafe.jpg
P064,detergente-bicarbonato,Detergente Bicarbonato,Baking Soda Detergent,lavanderia,detergentes-liquidos,19,detergente;liquido;bicarbonato,true,false,,images/products/detergente-bicarbonato.jpg
P065,detergente-liquido-pino-mugroso,Detergente Pino Mugroso,Pine Heavy-Duty Detergent,lavanderia,detergentes-liquidos,27,detergente;liquido;pino,true,false,,images/products/detergente-pino-mugroso.jpg
P066,detergente-liquido-axion-limon,Detergente Axión Limón,Axion Lemon Detergent,lavanderia,detergentes-liquidos,18,detergente;liquido;limon;trastes,true,false,,images/products/detergente-axion-limon.jpg
P067,detergente-polvo-multiusos-sueltos,Detergente en Polvo Multiusos (Suelto),Bulk Powder Multi-Use Detergent,lavanderia,detergentes-polvo,35,detergente;polvo;granel,true,false,,images/products/detergente-polvo-multiusos.jpg
P068,detergente-polvo-blanca-nieves,Detergente Blanca Nieves,Blanca Nieves Powder Detergent,lavanderia,detergentes-polvo,43,detergente;polvo;marca,true,true,kilo,images/products/blanca-nieves-polvo-43.jpg
P069,detergente-polvo-roma,Detergente Roma en Polvo,Roma Powder Detergent,lavanderia,detergentes-polvo,43,detergente;polvo;marca,true,true,kilo,images/products/roma-polvo-43.jpg
P070,jabon-barra-carisma,Jabón Barra Carisma,Carisma Bar Soap,lavanderia,jabon-barra,28,jabon;barra;ropa,true,true,pieza,images/products/barra-carisma-28.jpg
P071,jabon-barra-zote-rosa,Zote Barra Rosa,Zote Pink Bar Soap,lavanderia,jabon-barra,28,jabon;barra;zote,true,true,pieza,images/products/barra-zote-28.jpg
P072,suavizante-ensueno,Suavitel Ensueño,Suavitel Dream,lavanderia,suavizantes,18,suavizante;marca,true,false,,images/products/suavitel-ensueno.jpg
P073,suavizante-downy-rosa,Suavizante Downy Rosa,Downy Pink Softener,lavanderia,suavizantes,18,suavizante;marca;rosa,true,false,,images/products/suavitel-downy-rosa.jpg
P074,suavizante-bebe,Suavitel Bebé,Suavitel Baby,lavanderia,suavizantes,18,suavizante;bebe,true,false,,images/products/suavitel-bebe.jpg
P075,suavizante-momentos-magicos,Suavitel Momentos Mágicos,Suavitel Magic Moments,lavanderia,suavizantes,18,suavizante;marca,true,false,,images/products/suavitel-momentos-magicos.jpg
P076,suavizante-azul,Suavitel Azul,Suavitel Blue,lavanderia,suavizantes,18,suavizante,true,false,,images/products/suavitel-azul.jpg
P077,suavizante-amarillo,Suavitel Amarillo,Suavitel Yellow,lavanderia,suavizantes,18,suavizante,true,false,,images/products/suavitel-amarillo.jpg
P078,suavizante-doble-ensueno,Suavizante Doble Aroma Ensueño,Dream Double-Scent Softener,lavanderia,suavizantes-doble-aroma,21,suavizante;doble-aroma,true,false,,images/products/suavitel-doble-aroma-ensueno.jpg
P079,suavizante-doble-downy-rosa,Suavizante Doble Aroma Downy Rosa,Downy Pink Double-Scent Softener,lavanderia,suavizantes-doble-aroma,21,suavizante;doble-aroma;rosa,true,false,,images/products/suavitel-doble-aroma-downy-rosa.jpg
P080,suavizante-doble-bebe,Suavizante Doble Aroma Bebé,Baby Double-Scent Softener,lavanderia,suavizantes-doble-aroma,21,suavizante;doble-aroma;bebe,true,false,,images/products/suavitel-doble-aroma-bebe.jpg
P081,suavizante-doble-momentos-magicos,Suavizante Doble Aroma Momentos Mágicos,Magic Moments Double-Scent Softener,lavanderia,suavizantes-doble-aroma,21,suavizante;doble-aroma,true,false,,images/products/suavitel-doble-aroma-momentos-magicos.jpg
P082,suavizante-doble-azul,Suavizante Doble Aroma Azul,Blue Double-Scent Softener,lavanderia,suavizantes-doble-aroma,21,suavizante;doble-aroma,true,false,,images/products/suavitel-doble-aroma-azul.jpg
P083,suavizante-doble-amarillo,Suavizante Doble Aroma Amarillo,Yellow Double-Scent Softener,lavanderia,suavizantes-doble-aroma,21,suavizante;doble-aroma,true,false,,images/products/suavitel-doble-aroma-amarillo.jpg
P084,reforzador-aroma,Reforzador de Aroma (Varios),Scent Booster (Assorted),lavanderia,suavizantes-doble-aroma,33,reforzador;aroma;perlas,true,false,,images/products/reforzador-de-aroma.jpg
P085,shampoo-manos-dosificador-1l,Shampoo Manos con Dosificador 1 L,Hand Soap with Dispenser 1 L,higiene,jabon-manos,60,manos;dosificador;oficina,true,false,,
P086,shampoo-manos-neutro,Shampoo Manos Neutro,Neutral Hand Soap,higiene,jabon-manos,19,manos;neutro,true,false,,
P087,shampoo-manos-kiwi,Shampoo Manos Kiwi,Kiwi Hand Soap,higiene,jabon-manos,19,manos;kiwi,true,false,,images/products/shampoo-manos-kiwi.jpg
P088,shampoo-manos-coco,Shampoo Manos Coco,Coconut Hand Soap,higiene,jabon-manos,19,manos;coco,true,false,,images/products/shampoo-manos-coco.jpg
P089,shampoo-manos-frutal,Shampoo Manos Frutal,Fruit Hand Soap,higiene,jabon-manos,19,manos;frutal,true,false,,images/products/shampoo-manos-frutal.jpg
P090,shampoo-manos-manzana-verde,Shampoo Manos Manzana Verde,Green Apple Hand Soap,higiene,jabon-manos,19,manos;manzana,true,false,,images/products/shampoo-manos-manzana-verde.jpg
P091,shampoo-manos-carolina-herrera,Shampoo Manos Carolina Herrera,Carolina Herrera Hand Soap,higiene,jabon-manos,19,manos;perfumado,true,false,,images/products/shampoo-manos-carolina-herrera.jpg
P092,gel-antibacterial-granel,Gel Antibacterial a Granel,Bulk Antibacterial Gel,higiene,gel-antibacterial,55,gel;antibacterial;granel,true,false,,
P093,gel-antibacterial-60ml,Gel Antibacterial Botella 60 ml,Antibacterial Gel Bottle 60 ml,higiene,gel-antibacterial,20,gel;antibacterial;bolsillo,true,false,,
P094,gel-antibacterial-500ml,Gel Antibacterial Botella 1/2 L,Antibacterial Gel Bottle 500 ml,higiene,gel-antibacterial,35,gel;antibacterial,true,false,,
P095,gel-antibacterial-1l,Gel Antibacterial Botella 1 L,Antibacterial Gel Bottle 1 L,higiene,gel-antibacterial,60,gel;antibacterial;familiar,true,false,,
P096,gel-antibacterial-1l-dosificador,Gel Antibacterial 1 L con Dosificador,Antibacterial Gel 1 L with Dispenser,higiene,gel-antibacterial,85,gel;antibacterial;dosificador,true,false,,
P097,sanitizante-granel,Líquido Sanitizante a Granel,Bulk Sanitizing Liquid,higiene,sanitizantes,55,sanitizante;granel,true,false,,
P098,sanitizante-250ml,Líquido Sanitizante 250 ml,Sanitizing Liquid 250 ml,higiene,sanitizantes,35,sanitizante,true,false,,
P099,shampoo-head-and-shoulders,Shampoo Head & Shoulders,Head & Shoulders Shampoo,higiene,higiene-personal,23,shampoo;cabello;marca,true,false,,
P100,aromatizante-madera-oriental,Autofresh Madera Oriental,Oriental Wood Air Freshener,aromatizantes,autofresh,32,aromatizante;madera;oriental,true,false,,images/products/autofresh-madera-oriental.jpg
P101,aromatizante-channel,Autofresh Channel,Channel Air Freshener,aromatizantes,autofresh,32,aromatizante;perfumado,true,false,,images/products/autofresh-channel.jpg
P102,aromatizante-coco,Autofresh Coco,Coconut Air Freshener,aromatizantes,autofresh,32,aromatizante;coco,true,false,,images/products/autofresh-coco.jpg
P103,aromatizante-hugo-boss,Autofresh Hugo Boss,Hugo Boss Air Freshener,aromatizantes,autofresh,32,aromatizante;perfumado,true,false,,images/products/autofresh-hugo-boss.jpg
P104,aromatizante-carolina-herrera,Autofresh Carolina Herrera,Carolina Herrera Air Freshener,aromatizantes,autofresh,32,aromatizante;perfumado,true,false,,images/products/autofresh-carolina-herrera.jpg
P105,aromatizante-total-fresh-60ml,Total Fresh 60 ml,Total Fresh 60 ml,aromatizantes,autofresh,22,aromatizante;marca-total-bri,true,false,,
P106,aromatizante-glade,Aromatizante Glade,Glade Air Freshener,aromatizantes,autofresh,69,aromatizante;marca;glade,true,false,,images/products/glade-69.jpg
P107,aromatizante-febrize,Aromatizante Febrize,Febrize Air Freshener,aromatizantes,autofresh,94,aromatizante;marca;febrize,true,false,,images/products/febrezee-94.jpg
P108,automotriz-cera-liq-uso-humedo,Cera Líquida Uso Húmedo,Wet Wax,automotriz,linea-automotriz,22,automotriz;cera,true,false,,images/products/cera-liquido-uso-humedo.jpg
P109,automotriz-vaselina-industrial,Vaselina Industrial,Industrial Vaseline,automotriz,linea-automotriz,50,automotriz;vaselina;industrial,true,false,,images/products/vaselina-industrial.jpg
P110,automotriz-shampoo-carrocerias,Shampoo Carrocerías,Car Wash Shampoo,automotriz,linea-automotriz,20,automotriz;shampoo,true,false,,images/products/shampoo-carrocerias.jpg
P111,automotriz-shampoo-carro-cera,Shampoo para Carro con Cera,Car Shampoo with Wax,automotriz,linea-automotriz,24,automotriz;shampoo;cera,true,false,,images/products/shampoo-para-carro-con-cera.jpg
P112,automotriz-almorol,Almorol Líquido,Liquid Almorol,automotriz,linea-automotriz,52,automotriz;armorol,true,false,,images/products/almorol-liquido.jpg
P113,automotriz-espuma-activa,Espuma Activa,Active Foam,automotriz,linea-automotriz,24,automotriz;espuma,true,false,,images/products/espuma-activa.jpg
P114,automotriz-liq-llantas,Líquido Llantas Naranja/Negro,Tire Shine Orange/Black,automotriz,linea-automotriz,35,automotriz;llantas,true,false,,images/products/liquido-llantas-naranja-negro.jpg
P115,automotriz-alumbra,Alumbra,Alumbra Polish,automotriz,linea-automotriz,20,automotriz;alumbra,true,false,,images/products/alumbra.jpg
P116,automotriz-envase-alto-brillo-250ml,Envase Alto Brillo 250 ml,High Gloss Bottle 250 ml,automotriz,linea-automotriz,30,automotriz;brillo,true,false,,images/products/envase-alto-brillo.jpg
P117,automotriz-alto-brillo,Alto Brillo,High Gloss,automotriz,linea-automotriz,105,automotriz;brillo;granel,true,false,,images/products/alto-brillo.jpg
P118,automotriz-glicerina,Glicerina,Glycerin,automotriz,linea-automotriz,110,automotriz;glicerina,true,false,,
P119,automotriz-envase-glicerina-500ml,Envase Glicerina 500 ml,Glycerin Bottle 500 ml,automotriz,linea-automotriz,46,automotriz;glicerina,true,false,,images/products/envase-glicerina-500ml.jpg
P120,varios-plegde-aerosol-muebles,Pledge Aerosol para Muebles,Pledge Furniture Aerosol,varios,varios,98,marca;muebles;aerosol,true,false,,images/products/pledge-98.jpg
P121,varios-raid-casa-jardin,Raid Casa y Jardín,Raid House & Garden,varios,varios,74,marca;insecticida,true,false,,images/products/raid-74.jpg
P122,varios-quita-cochambre,Quita Cochambre,Grease Remover,varios,varios,21,cochambre;cocina,true,false,,
P123,varios-quita-cochambre-gel,Quita Cochambre en Gel,Gel Grease Remover,varios,varios,21,cochambre;gel,true,false,,
P124,varios-limpiavidrios,Limpiavidrios,Glass Cleaner,varios,varios,14,vidrios;limpieza,true,false,,
P125,varios-bicarbonato,Bicarbonato,Baking Soda,varios,varios,71,bicarbonato;granel,true,false,,
P126,varios-liquido-destapacanos,Líquido Destapacaños,Drain Opener Liquid,varios,varios,20,destapacanos;liquido,true,false,,images/products/destapacanos-34.jpg
P127,varios-quitasarro,Quitasarro,Lime Scale Remover,varios,varios,21,sarro;bano,true,false,,
P128,varios-liq-insecticida-total,Líquido Insecticida Total,Total Insecticide Liquid,varios,varios,68,insecticida,true,false,,
P129,varios-cucarachicida,Cucarachicida,Roach Killer,varios,varios,30,insecticida;cucarachas,true,false,,images/products/jeringa-cucarachas-130.jpg
P130,varios-sosa-liquida-lt,Sosa Líquida L,Liquid Caustic Soda L,varios,varios,52,sosa;caustica;industrial,true,false,,
P131,varios-ac-pino,Aceite de Pino,Pine Oil,varios,varios,186,pino;aceite;granel,true,false,,
P132,varios-aceite-muebles,Aceite para Muebles,Furniture Oil,varios,varios,81,muebles;aceite,true,false,,
P133,varios-sham-perro-carolina,Shampoo para Perro Carolina Herrera,Carolina Herrera Dog Shampoo,varios,mascotas,18,mascotas;perro;shampoo,true,false,,
P134,varios-sham-antip-hugo-boss,Shampoo Antipulgas Hugo Boss,Hugo Boss Flea Shampoo,varios,mascotas,25,mascotas;perro;antipulgas,true,false,,
P135,varios-liquido-quita-gotas,Líquido Quita Gotas,Drop Remover Liquid,varios,varios,25,gotas;limpieza,true,false,,
P136,varios-agita-bolsita,Agita Bolsita,Agita Sachet,varios,varios,75,agita;moscas,true,true,,images/products/agita-bolsa-75.jpg
P137,varios-agita-atomizador-eco,Agita Atomizador Eco,Agita Eco Spray,varios,varios,90,agita;atomizador,true,false,,
P138,varios-agita-atomizador,Agita Atomizador,Agita Spray,varios,varios,105,agita;atomizador,true,false,,
P139,trapeador-microfibra-chico,Trapeador Microfibra Chico,Small Microfiber Mop,jarceria,trapeadores,67,trapeador;microfibra;chico,true,false,,images/products/trapeador-microfibra.jpg
P140,trapeador-microfibra-extra-mediano,Trapeador Microfibra Extra Mediano,Extra-Medium Microfiber Mop,jarceria,trapeadores,75,trapeador;microfibra;mediano,true,false,,
P141,trapeador-microfibra-industrial,Trapeador Microfibra Industrial,Industrial Microfiber Mop,jarceria,trapeadores,100,trapeador;microfibra;industrial,true,false,,images/products/mop-159.jpg
P142,trapeador-microfibra-espanola,Trapeador Microfibra Española,Spanish Microfiber Mop,jarceria,trapeadores,93,trapeador;microfibra;espanola,true,false,,images/products/microfibra-espanola-93.jpg
P143,trapeador-microfibra-espanola-eco,Trapeador Microfibra Española Eco,Eco Spanish Microfiber Mop,jarceria,trapeadores,71,trapeador;microfibra;eco,true,false,,images/products/trapeador-espanola.jpg
P144,trapeador-hilaza-25,Trapeador Hilaza #25,Yarn Mop #25,jarceria,trapeadores,50,trapeador;hilaza,true,false,,images/products/trapeador-hiliza.jpg
P145,trapeador-hilaza-industrial,Trapeador Hilaza Industrial,Industrial Yarn Mop,jarceria,trapeadores,55,trapeador;hilaza;industrial,true,false,,
P146,trapeador-pabilo-25,Trapeador Pabilo #25,Pabilo Mop #25,jarceria,trapeadores,42,trapeador;pabilo,true,false,,images/products/trapeador-pabilo.jpg
P147,trapeador-pabilo-industrial,Trapeador Pabilo Industrial,Industrial Pabilo Mop,jarceria,trapeadores,50,trapeador;pabilo;industrial,true,false,,
P148,escoba-tipo-cepillo,Escoba Tipo Cepillo,Brush-Type Broom,jarceria,escobas,58,escoba;cepillo,true,false,,images/products/escoba-tipo-cepillo.jpg
P149,escoba-cepillo-lava-coches,Cepillo Lava Coches,Car Wash Brush,jarceria,escobas,78,escoba;cepillo;autos,true,false,,images/products/escoba-lava-coches.jpg
P150,escoba-abanico-grande,Escoba Abanico Grande,Large Fan Broom,jarceria,escobas,46,escoba;abanico,true,false,,
P151,escoba-veneciana,Escoba Veneciana,Venetian Broom,jarceria,escobas,60,escoba;veneciana,true,false,,images/products/escoba-veneciana.jpg
P152,escoba-valentina-metal,Escoba Valentina Bastón Metal,Valentina Metal-Handle Broom,jarceria,escobas,80,escoba;metal,true,false,,
P153,escoba-romana,Escoba Romana,Roman Broom,jarceria,escobas,58,escoba;romana,true,false,,images/products/escoba-roma.jpg
P154,escoba-arcoiris,Escoba Arcoiris,Rainbow Broom,jarceria,escobas,58,escoba;arcoiris,true,false,,images/products/escoba-arcoiris.jpg
P155,escoba-mega,Escoba Mega,Mega Broom,jarceria,escobas,46,escoba;mega,true,false,,images/products/escoba-mega.jpg
P156,recogedor-metal,Recogedor Metal,Metal Dustpan,jarceria,escobas,40,recogedor;metal,true,false,,images/products/recogedor-metal-40.jpg
P157,recogedor-metal-industrial,Recogedor Metal Industrial,Industrial Metal Dustpan,jarceria,escobas,50,recogedor;industrial,true,false,,images/products/recogedor-metal-industrial.jpg
P158,recogedor-plastico,Recogedor Plástico Peric,Peric Plastic Dustpan,jarceria,escobas,48,recogedor;plastico,true,false,,images/products/recogedor-plastico-perico-48.jpg
P159,jalador-metal-30cm,Jalador Metal 30 cm,Metal Squeegee 30 cm,jarceria,escobas,47,jalador;metal;30cm,true,false,,images/products/jalador-30cm.jpg
P160,jalador-metal-50cm,Jalador Metal 50 cm,Metal Squeegee 50 cm,jarceria,escobas,52,jalador;metal;50cm,true,false,,images/products/jalador-50cm.jpg
P161,arana-metal,Araña de Metal,Metal Spider Broom,jarceria,escobas,110,arana;metal,true,false,,images/products/arana-metal-110.jpg
P162,tambo-100lts,Tambo de 100 L,100 L Drum,jarceria,cubetas,250,tambo;100l,true,false,,images/products/tambo-plastico-200-litros.jpg
P163,colador,Colador,Strainer,jarceria,accesorios,30,colador;plastico,true,false,,images/products/colador.jpg
P164,jarra-2l,Jarra 2 L,Pitcher 2 L,jarceria,accesorios,38,jarra;2l,true,false,,images/products/jarra-2l-38.jpg
P165,jarra-4l,Jarra 4 L,Pitcher 4 L,jarceria,accesorios,73,jarra;4l,true,false,,images/products/jarra-4l-73.jpg
P166,jarra-1l,Jarra 1 L,Pitcher 1 L,jarceria,accesorios,35,jarra;1l,true,false,,images/products/jarra-1l.jpg
P167,cubeta-toscana,Cubeta Toscana,Toscana Bucket,jarceria,cubetas,70,cubeta;toscana,true,false,,images/products/cubeta-toscana.jpg
P168,cubeta-6,Cubeta #6,Bucket #6,jarceria,cubetas,18,cubeta;chica,true,false,,
P169,cubeta-8,Cubeta #8,Bucket #8,jarceria,cubetas,27,cubeta;mediana,true,false,,
P170,cubeta-12,Cubeta #12,Bucket #12,jarceria,cubetas,56,cubeta;grande,true,false,,images/products/cubeta-12-42.jpg
P171,cubeta-14,Cubeta #14,Bucket #14,jarceria,cubetas,66,cubeta;industrial,true,false,,images/products/cubeta-16-56.jpg
P172,cesto-basura,Cesto Basura,Trash Bin,jarceria,accesorios,35,cesto;basura,true,true,,images/products/cesto-amarillo-35.jpg
P173,cesto-papelero,Cesto Papelero,Paper Bin,jarceria,accesorios,118,cesto;papelero,true,true,,images/products/cesto-gris-118.jpg
P174,jicara,Jícara,Gourd Bowl,jarceria,accesorios,21,jicara,true,true,,images/products/jicara-21.jpg
P175,embudo-jumbo,Embudo Jumbo,Jumbo Funnel,jarceria,accesorios,45,embudo;jumbo,true,false,,images/products/embudo-grande-41.jpg
P176,embudo-mediano,Embudo Mediano,Medium Funnel,jarceria,accesorios,31,embudo;mediano,true,false,,images/products/embudo-med-31.jpg
P177,embudo-chico,Embudo Chico,Small Funnel,jarceria,accesorios,26,embudo;chico,true,false,,images/products/embudo-chico-26.jpg
P178,dosificador-1l,Dosificador 1 L,1 L Dispenser,jarceria,accesorios,31,dosificador;1l,true,false,,images/products/dosificador-1l.jpg
P179,pistola-atomizador,Pistola Atomizador,Spray Gun,jarceria,atomizadores,40,atomizador;pistola,true,false,,images/products/pistola-atomizador.jpg
P180,atomizador-medio,Atomizador 1/2 L,Sprayer 1/2 L,jarceria,atomizadores,33,atomizador;medio,true,true,,images/products/atomizador-1_2-litro-33.jpg
P181,atomizador-1lt,Atomizador 1 L,Sprayer 1 L,jarceria,atomizadores,40,atomizador;1l,true,true,,images/products/atomizador-1-litro-40.jpg
P182,atomizador-mini-250ml,Atomizador Mini 250 ml,Mini Sprayer 250 ml,jarceria,atomizadores,23,atomizador;mini,true,false,,images/products/atomizador-mini-250ml.jpg
P183,lijas-agua,Lijas de Agua,Water Sandpaper,jarceria,accesorios,13,lijas;agua,true,false,,images/products/lija-de-agua.jpg
P184,fibra-mini-metalica-espiral,Mini Fibra Metálica Espiral,Mini Spiral Metal Scrubber,jarceria,fibras,10,fibra;metalica;mini,true,false,,images/products/mini-fibra-metalica-espiral.jpg
P185,fibra-metalica-chica,Fibra Metálica Chica,Small Metal Scrubber,jarceria,fibras,11,fibra;metalica;chica,true,false,,images/products/fibra-metalica.jpg
P186,fibra-metalica-mediana,Fibra Metálica Mediana,Medium Metal Scrubber,jarceria,fibras,12,fibra;metalica;mediana,true,false,,images/products/fibra-metalica-mediana.jpg
P187,fibra-metalica-grande,Fibra Metálica Grande,Large Metal Scrubber,jarceria,fibras,17,fibra;metalica;grande,true,false,,images/products/fibra-metalica-grande.jpg
P188,fibra-metalica-jumbo,Fibra Metálica Jumbo,Jumbo Metal Scrubber,jarceria,fibras,22,fibra;metalica;jumbo,true,false,,images/products/fibra-metalica-jumbo.jpg
P189,fibra-negra-p76,Fibra Negra P76,Black Fiber P76,jarceria,fibras,34,fibra;negra;p76,true,true,,images/products/fibra-negra-p76-34.jpg
P190,fibra-monarca,Fibra Monarca,Monarca Fiber,jarceria,fibras,15,fibra;monarca,true,true,,images/products/fibra-monarca-15.jpg
P191,fibra-verde-scotch-brite,Fibra Verde Scotch-Brite,Green Scotch-Brite Fiber,jarceria,fibras,20,fibra;verde;scotch-brite,true,false,,images/products/fibra-verde-scotch-20.jpg
P192,fibra-prof-verde-scotch,Fibra Profesional Verde Scotch,Professional Green Scotch Fiber,jarceria,fibras,27,fibra;verde;profesional,true,false,,images/products/fibra-profesional-verde-scotch.jpg
P193,fibra-blanca-p66,Fibra Blanca P66,White Fiber P66,jarceria,fibras,27,fibra;blanca;p66,true,true,,images/products/fibra-blanca-p66-27.jpg
P194,fibra-ajax,Fibra Ajax,Ajax Fiber,jarceria,fibras,6,fibra;ajax,true,true,,images/products/fibra-ajax-6.jpg
P195,esponja-limpia-vidrios,Esponja Limpia Vidrios,Glass-Cleaning Sponge,jarceria,esponjas,68,esponja;vidrios,true,false,,images/products/esponja-limpiavidrios-68.jpg
P196,fibras-con-esponja,Fibras con Esponja,Sponge with Fiber,jarceria,esponjas,16,fibra;esponja,true,false,,images/products/fibra.jpg
P197,esponja-cuadritela-trastes,Cuadritela Trastes,Dish Cuadritela,jarceria,esponjas,18,esponja;trastes,true,false,,images/products/cuadritela-18.jpg
P198,esponja-fregon,Esponja Fregón,Scouring Sponge,jarceria,esponjas,18,esponja;fregon,true,false,,images/products/esponja-fregon-18.jpg
P199,esponja-grande,Esponja Grande,Large Sponge,jarceria,esponjas,25,esponja;grande,true,false,,images/products/esponja-grande-25.jpg
P200,esponja-chica-mini-hueso,Esponja Chica Mini Hueso,Small Mini Sponge,jarceria,esponjas,20,esponja;chica,true,false,,images/products/esponja-mini-hueso-20.jpg
P201,esponja-mexico-grande,Esponja México Grande,Large Mexico Sponge,jarceria,esponjas,21,esponja;mexico,true,false,,images/products/esponja-mexico-21.jpg
P202,esponja-circulo,Esponja Círculo,Circle Sponge,jarceria,esponjas,17,esponja;circulo,true,false,,images/products/esponja-circulo-17.jpg
P203,esponja-tabique,Esponja Tabique,Brick Sponge,jarceria,esponjas,31,esponja;tabique,true,false,,images/products/esponja-tabique-43.jpg
P204,escobetilla-raiz-plastico,Escobetilla Raíz Plástico,Plastic Root Brush,jarceria,accesorios,24,escobetilla;plastico,true,false,,images/products/escobeta-raiz-plastico.jpg
P205,escobetilla-raiz,Escobetilla Raíz,Root Brush,jarceria,accesorios,20,escobetilla;raiz,true,false,,images/products/escobetilla-raiz-20.jpg
P206,guante-nitrilo-verde,Guante Nitrilo Verde,Green Nitrile Glove,jarceria,guantes,51,guantes;nitrilo,true,false,,images/products/guante-verde-51.jpg
P207,guantes-latex,Guantes Látex,Latex Gloves,jarceria,guantes,34,guantes;latex,true,false,,images/products/guante-latex-rojo-34.jpg
P208,tierra-roja,Tierra Roja,Red Clay,jarceria,accesorios,11,tierra;roja;limpieza,true,false,,
P209,piedra-pomex,Piedra Pómex (3 pzas),Pumice Stone (3 pcs),jarceria,accesorios,15,pomex;piedra,true,false,,images/products/piedra-pomes-3-pzas.jpg
P210,envase-4lt,Envase 4 L,Container 4 L,jarceria,accesorios,10,envase;4l,true,false,,
P211,garrafa-20lts,Garrafa 20 L,Jug 20 L,jarceria,accesorios,35,garrafa;20l,true,false,,images/products/garrafa-20l.jpg
P212,bolsa-camiseta-chica,Bolsa Camiseta Chica,Small T-Shirt Bag,jarceria,bolsas,82,bolsa;camiseta;chica,true,true,,images/products/bolsa-camiseta-82.jpg
P213,bolsa-camiseta-grande,Bolsa Camiseta Grande,Large T-Shirt Bag,jarceria,bolsas,82,bolsa;camiseta;grande,true,false,,
P214,bolsa-negra-60x90,Bolsa Negra 60x90,Black Bag 60x90,jarceria,bolsas,53,bolsa;negra;60x90,true,true,,images/products/bolsa-negra-60x90-53.jpg
P215,bolsa-negra-90x120,Bolsa Negra 90x120,Black Bag 90x120,jarceria,bolsas,53,bolsa;negra;90x120,true,true,,images/products/bolsa-negra-90x120-53.jpg
P216,bolsa-negra-60x90-pz,Bolsa Negra 60x90 (Pieza),Black Bag 60x90 (Piece),jarceria,bolsas,4,bolsa;negra;pieza,true,false,,images/products/bolsa-negra-60x90-pieza.jpg
P217,bolsa-negra-90x120-pz,Bolsa Negra 90x120 (Pieza),Black Bag 90x120 (Piece),jarceria,bolsas,8,bolsa;negra;pieza,true,false,,images/products/bolsa-negra-90x120-pieza.jpg
P218,franela-gris-roja,Franela Gris / Roja y Rallada,Gray / Red Striped Flannel,jarceria,accesorios,29,franela;limpieza,true,false,,images/products/franela-roja-29.jpg
P219,microfibra-grande-eco,Microfibra Grande Eco,Large Eco Microfiber,jarceria,trapeadores,29,microfibra;grande;eco,true,false,,
P220,microfibra-chica-eco,Microfibra Chica Eco,Small Eco Microfiber,jarceria,trapeadores,22,microfibra;chica;eco,true,false,,
P221,microfibra-kirkland,Microfibra Kirkland,Kirkland Microfiber,jarceria,trapeadores,29,microfibra;kirkland,true,false,,images/products/microfibra-kirk-29.jpg
P222,microfibra-jumbo,Microfibra Jumbo,Jumbo Microfiber,jarceria,trapeadores,32,microfibra;jumbo,true,false,,
P223,toalla-scott-shop-azul,Toalla Scott Shop Azul,Blue Scott Shop Towel,jarceria,accesorios,60,toalla;scott;azul,true,false,,images/products/toalla-scott-azul-60.jpg
P224,bomba-destapacanos,Bomba Destapacaños,Plunger,jarceria,accesorios,34,destapacanos;bomba,true,false,,
P225,cepillo-mano,Cepillo de Mano,Hand Brush,jarceria,accesorios,27,cepillo;mano,true,false,,images/products/cepillo-mano-27.jpg
P226,cepillo-lechuguilla,Cepillo Lechuguilla,Lechuguilla Brush,jarceria,accesorios,40,cepillo;lechuguilla,true,false,,images/products/cepillo-lechuguilla-40.jpg
P227,cepillo-wc-base,Cepillo WC con Base,Toilet Brush with Base,jarceria,accesorios,42,cepillo;wc,true,true,,images/products/cepillo-wc-42.jpg
P228,lazo-canamo,Lazo Cáñamo,Hemp Rope,jarceria,accesorios,22,lazo;canamo,true,false,,images/products/lazo-canamo.jpg
P229,pastilla-deposito-azul,Pastilla Depósito Azul,Blue Tank Tablet,higiene,higienicos,18,pastilla;deposito;azul,true,false,,images/products/pastilla-deposito-18.jpg
P230,pastilla-wizi,Pastilla Wizi,Wizi Tablet,higiene,higienicos,17,pastilla;wizi,true,false,,images/products/pastilla-wizie-17.jpg
P231,tapete-mingitorio,Tapete Mingitorio,Urinal Mat,higiene,higienicos,53,tapete;mingitorio,true,false,,images/products/wiese-mingitorio.jpg
P232,pega-raton-individual,Pega Ratón Individual,Individual Mouse Trap,varios,varios,27,raton;pega,true,false,,images/products/trampa-raton-individual-27-trampa-raton-individual-27.jpg
P233,trampa-raton,Trampa para Ratón,Mouse Trap,varios,varios,55,raton;trampa,true,false,,images/products/trampa-raton-55.jpg
P234,plumero-microfibra,Plumero Microfibra,Microfiber Duster,jarceria,accesorios,80,plumero;microfibra,true,false,,images/products/plumero-50.jpg
P235,ganchos-plastico,Ganchos Plástico,Plastic Hangers,jarceria,accesorios,38,ganchos;plastico,true,false,,images/products/ganchos-plastico.jpg
P236,pinza-grande,Pinza Grande,Large Clothespin,jarceria,accesorios,32,pinza;grande,true,false,,images/products/pinza-grande-32.jpg
P237,despachador-toalla-interdoblada,Despachador Toalla Interdoblada,Interfolded Towel Dispenser,higiene,despachadores,510,despachador;toalla;interdoblada,true,true,,images/products/despachador-toalla-interdoblada-510.jpg
P238,despachador-toalla-rollo-kim,Despachador Toalla en Rollo Kim,Kim Roll Towel Dispenser,higiene,despachadores,895,despachador;toalla;rollo;kim,true,false,,images/products/despachador-kim-barra.jpg
P239,despachador-toalla-rollo-oval,Despachador Toalla en Rollo Oval,Oval Roll Towel Dispenser,higiene,despachadores,880,despachador;toalla;rollo;oval,true,false,,images/products/despachador-kim-barra.jpg
P240,despachador-higienico-jumbo,Despachador Higiénico Jumbo,Jumbo Toilet Paper Dispenser,higiene,despachadores,410,despachador;higienico;jumbo,true,true,,images/products/despachador-hig-jr-410.jpg
P241,despachador-higienico-jumbo-oval,Despachador Higiénico Jumbo Oval,Oval Jumbo Toilet Paper Dispenser,higiene,despachadores,295,despachador;higienico;oval,true,false,,images/products/despachador-hig-jumbo-510.jpg
P242,despachador-barramesa,Despachador Barramesa,Counter Dispenser,higiene,despachadores,195,despachador;barramesa,true,true,,images/products/despachador-barra-mesa-195.jpg
P243,despachador-jabon-liquido,Despachador Jabón Líquido,Liquid Soap Dispenser,higiene,despachadores,420,despachador;jabon;liquido,true,true,,images/products/despachador-jabon-liquido-420.jpg
P244,servilleta-taquera-marli,Servilleta Taquera Marli,Marli Taco Napkins,higiene,higienicos,22,servilleta;taquera,true,false,,images/products/servilleta-taquera-marli.jpg
P245,servilleta-delsey-eco,Servilleta Delsey Eco 100 pz,Delsey Eco Napkins 100 pc,higiene,higienicos,19,servilleta;delsey;eco,true,false,,images/products/servilleta-delsey-19.jpg
P246,servilleta-dalia-450,Servilleta Dalia 450 pz,Dalia Napkins 450 pc,higiene,higienicos,41,servilleta;dalia,true,false,,images/products/servilleta-dalia-41.jpg
P247,toalla-interdoblada-dalia,Toalla Interdoblada Dalia 20/100,Dalia Interfolded Towel 20/100,higiene,higienicos,19,toalla;interdoblada;dalia,true,false,,images/products/pieza-interdoblada-19.jpg
P248,toalla-interdoblada-ecologica,Toalla Interdoblada Ecológica 20/100,Eco Interfolded Towel 20/100,higiene,higienicos,20,toalla;interdoblada;eco,true,false,,images/products/toalla-interdoblada-ecologica-20-100.jpg
P249,higienico-dalia-12-200,Higiénico Dalia 12/200,Dalia Toilet Paper 12/200,higiene,higienicos,39,higienico;dalia,true,false,,
P250,higienico-jumbo-dalia,Higiénico Jumbo Dalia 6/400,Dalia Jumbo Toilet Paper 6/400,higiene,higienicos,72,higienico;jumbo;dalia,true,false,,images/products/higienico-jumbo-dalia-6_400.jpg
P251,higienico-dalia-individual,Higiénico Dalia Individual,Dalia Individual Toilet Paper,higiene,higienicos,11,higienico;dalia;individual,true,false,,images/products/hig-dalia-pieza-39.jpg
P252,higienico-big-quality,Higiénico Big Quality,Big Quality Toilet Paper,higiene,higienicos,12,higienico;big-quality,true,false,,images/products/big-quality-12.jpg
P253,toalla-rollo-fapsa,Toalla en Rollo Fapsa,Fapsa Roll Towel,higiene,higienicos,82,toalla;rollo;fapsa,true,false,,images/products/toalla-en-rollo-fapsa-tr180.jpg
P254,barramesa-fapsa,Barramesa Fapsa,Fapsa Counter Napkin,higiene,higienicos,27,barramesa;fapsa,true,false,,images/products/barramesa-fapsa-25.jpg
P255,cubreboca-adulto-50pz,Cubreboca Adulto Desechable 50 pz,Adult Disposable Face Mask 50 pc,higiene,higienicos,5,cubreboca;adulto,true,false,,images/products/cubreboca-adulto-desechable-50pz.jpg
P256,cubreboca-infantil-50pz,Cubreboca Infantil Desechable 50 pz,Kids Disposable Face Mask 50 pc,higiene,higienicos,3,cubreboca;infantil,true,false,,
P257,cofias,Cofias,Hair Nets,higiene,higienicos,2.5,cofias;desechable,true,false,,images/products/cofias.jpg
P258,cono-senalizacion,Cono de Señalización,Safety Cone,jarceria,accesorios,96,cono;senalizacion;seguridad,true,false,,images/products/cono-96.jpg
P259,cesto-azul,Cesto Azul,Blue Bin,jarceria,accesorios,89,cesto;azul;basura,true,true,,images/products/cesto-azul-89.jpg
P260,guante-quirurgico,Guante Quirúrgico Desechable,Disposable Surgical Glove,jarceria,guantes,180,guante;quirurgico;desechable,true,false,,images/products/guante-quirurgico-180.jpg
P261,pinza-chica,Pinza Chica (12 pzas),Small Clothespins (12 pc),jarceria,accesorios,20,pinza;chica;12piezas,true,false,,images/products/pinza-ch-12-piezas-20.jpg
P262,varios-pegamoscas,Pegamoscas,Fly Paper Trap,varios,varios,16,pegamoscas;trampa;moscas,true,false,,images/products/pegamoscas-16.jpg
P263,escoba-hilaza,Escoba Hilaza,Hilaza Broom,jarceria,escobas,58,escoba;hilaza,true,false,,images/products/escoba-hiliza.jpg
P264,jabon-de-tocador-rosa,Jabón de Tocador Rosa,Pink Bar Soap,varios,varios,20,jabon;tocador;rosa,true,false,pieza,images/products/jabon-de-tocador-rosa.jpg
P265,pastilla-mary,Pastilla Mary,Mary Tablet,higiene,higienicos,15,pastilla;mary,true,false,pieza,images/products/pastilla-mary-15.jpg
P266,limpia-pisos-coco,Limpiapisos Coco,Coconut Multi-Surface Cleaner,limpieza-hogar,multiusos,12,limpieza;coco;aroma,true,false,litro,images/products/limpia-pisos-coco.jpg
P267,jerga-rayada,Jerga Rayada,Striped Cleaning Cloth,jarceria,accesorios,29,jerga;rayada;limpieza,true,false,pieza,images/products/jerga-rayada-29.jpg
P268,despachador-generico,Despachador,Dispenser,higiene,despachadores,195,despachador,true,false,pieza,images/products/despachador.jpg
